ProductName,SupplierName
Chais,Exotic Liquid
Chang,Exotic Liquid
Aniseed Syrup,Exotic Liquid
Chef Anton's Cajun Seasoning,New Orleans Cajun Delights
Chef Anton's Gumbo Mix,New Orleans Cajun Delights
Grandma's Boysenberry Spread,Grandma Kelly's Homestead
Uncle Bob's Organic Dried Pears,Grandma Kelly's Homestead
Northwoods Cranberry Sauce,Grandma Kelly's Homestead
Mishi Kobe Niku,Tokyo Traders
Ikura,Tokyo Traders
Queso Cabrales,Cooperativa de Quesos 'Las Cabras'
Queso Manchego La Pastora,Cooperativa de Quesos 'Las Cabras'
Konbu,Mayumi's
Tofu,Mayumi's
Genen Shouyu,Mayumi's
Pavlova,Pavlova Ltd.
Alice Mutton,Pavlova Ltd.
Carnarvon Tigers,Pavlova Ltd.
Teatime Chocolate Biscuits,Specialty Biscuits Ltd.
Sir Rodney's Marmalade,Specialty Biscuits Ltd.
Sir Rodney's Scones,Specialty Biscuits Ltd.
Gustaf's Knackebrod,PB Knackebrod AB
Tunnbrod,PB Knackebrod AB
Guarana Fantastica,Refrescos Americanas LTDA
NuNuCa Nub-Nougat-Creme,Heli Subwaren GmbH & Co. KG
Gumbar Gummibarchen,Heli Subwaren GmbH & Co. KG
Schoggi Schokolade,Heli Subwaren GmbH & Co. KG
Rossle Sauerkraut,Plutzer Lebensmittelgrobmarkte AG
Thuringer Rostbratwurst,Plutzer Lebensmittelgrobmarkte AG
Nord-Ost Matjeshering,Nord-Ost-Fisch Handelsgesellschaft mbH
Gorgonzola Telino,Formaggi Fortini s.r.l.
Mascarpone Fabioli,Formaggi Fortini s.r.l.
Geitost,Norske Meierier
Sasquatch Ale,Bigfoot Breweries
Steeleye Stout,Bigfoot Breweries
Inlagd Sill,Svensk Sjofoda AB
Gravad lax,Svensk Sjofoda AB
Cote de Blaye,Aux joyeux ecclesiastiques
Chartreuse verte,Aux joyeux ecclesiastiques
Boston Crab Meat,New England Seafood Cannery
Jack's New England Clam Chowder,New England Seafood Cannery
Singaporean Hokkien Fried Mee,Leka Trading
Ipoh Coffee,Leka Trading
Gula Malacca,Leka Trading
Rogede sild,Lyngbysild
Spegesild,Lyngbysild
Zaanse koeken,Zaanse Snoepfabriek
Chocolade,Zaanse Snoepfabriek
Maxilaku,Karkki Oy
Valkoinen suklaa,Karkki Oy
Manjimup Dried Apples,G'day Mate
Filo Mix,G'day Mate
Perth Pasties,G'day Mate
Tourtiere,Ma Maison
Pate chinois,Ma Maison
Gnocchi di nonna Alice,Pasta Buttini s.r.l.
Ravioli Angelo,Pasta Buttini s.r.l.
Escargots de Bourgogne,Escargots Nouveaux
Raclette Courdavault,Gai paturage
Camembert Pierrot,Gai paturage
Sirop d'erable,Forets d'erables
Tarte au sucre,Forets d'erables
Vegie-spread,Pavlova Ltd.
Wimmers gute Semmelknodel,Plutzer Lebensmittelgrobmarkte AG
Louisiana Fiery Hot Pepper Sauce,New Orleans Cajun Delights
Louisiana Hot Spiced Okra,New Orleans Cajun Delights
Laughing Lumberjack Lager,Bigfoot Breweries
Scottish Longbreads,Specialty Biscuits Ltd.
Gudbrandsdalsost,Norske Meierier
Outback Lager,Pavlova Ltd.
Flotemysost,Norske Meierier
Mozzarella di Giovanni,Formaggi Fortini s.r.l.
Rod Kaviar,Svensk Sjofoda AB
Longlife Tofu,Tokyo Traders
Rhonbrau Klosterbier,Plutzer Lebensmittelgrobmarkte AG
Lakkalikoori,Karkki Oy
Original Frankfurter grune Sobe,Plutzer Lebensmittelgrobmarkte AG
